IdRegistroVenta;IdVenta;IdProducto;IdCliente;IdEmpleado;IdSucursal;Fecha_venta;Remito;Factura;Cantidad;Precio_unitario;Monto_total
1;1;98;84;19;2;2022-06-11 00:00:00;0002-84584294;0002-19493756;7;894618;6262326
2;1;25;84;19;2;2022-06-11 00:00:00;0002-84584294;0002-19493756;5;5598;27990
3;2;46;76;12;5;2021-02-24 00:00:00;0005-79856565;0005-58888059;2;635598;1271196
4;5;100;80;32;2;2022-01-01 00:00:00;0002-59644242;0002-53978236;7;606935;4248545
5;6;52;74;11;5;2022-11-22 00:00:00;0005-15931703;0005-58149605;8;834608;6676864
6;7;81;12;5;1;2020-09-15 00:00:00;0001-74614240;0001-98443290;4;3443;13772
7;7;46;12;5;1;2020-09-15 00:00:00;0001-74614240;0001-98443290;2;635598;1271196
8;7;77;12;5;1;2020-09-15 00:00:00;0001-74614240;0001-98443290;1;168248;168248
9;7;81;12;5;1;2020-09-15 00:00:00;0001-74614240;0001-98443290;7;3443;24101
10;7;27;12;5;1;2020-09-15 00:00:00;0001-74614240;0001-98443290;6;3910;23460
11;8;95;37;19;2;2020-05-27 00:00:00;0002-36974288;0002-41025527;10;28347;283470
12;8;92;37;19;2;2020-05-27 00:00:00;0002-36974288;0002-41025527;5;34688;173440
13;9;31;27;11;5;2021-02-26 00:00:00;0005-53388394;0005-20467658;9;7073;63657
14;10;16;34;9;2;2021-04-16 00:00:00;0002-87865147;0002-24831718;7;12187;85309
15;10;14;34;9;2;2021-04-16 00:00:00;0002-87865147;0002-24831718;1;14364;14364
16;11;22;76;18;3;2022-08-31 00:00:00;0003-19818089;0003-38744741;1;8868;8868
17;12;93;26;2;5;2020-06-05 00:00:00;0005-24872252;0005-87833719;7;12697;88879
18;12;42;26;2;5;2020-06-05 00:00:00;0005-24872252;0005-87833719;4;6341;25364
19;13;20;11;14;1;2020-12-07 00:00:00;0001-51864362;0001-10949238;9;8203;73827
20;16;32;98;33;3;2023-05-22 00:00:00;0003-69442964;0003-58335201;2;23079;46158
21;16;93;98;33;3;2023-05-22 00:00:00;0003-69442964;0003-58335201;7;12697;88879
22;16;86;98;33;3;2023-05-22 00:00:00;0003-69442964;0003-58335201;9;3372;30348
23;17;86;2;24;2;2024-01-12 00:00:00;0002-65967878;0002-32725116;3;3372;10116
24;18;67;31;3;3;2021-11-07 00:00:00;0003-93492417;0003-19901324;8;195105;1560840
25;18;54;31;3;3;2021-11-07 00:00:00;0003-93492417;0003-19901324;8;424166;3393328
26;19;16;37;10;4;2023-09-09 00:00:00;0004-22097477;0004-86679831;8;12187;97496
27;19;30;37;10;4;2023-09-09 00:00:00;0004-22097477;0004-86679831;9;17799;160191
28;20;21;65;24;2;2020-06-14 00:00:00;0002-40301641;0002-97193566;5;9731;48655
29;20;80;65;24;2;2020-06-14 00:00:00;0002-40301641;0002-97193566;2;341270;682540
30;20;81;65;24;2;2020-06-14 00:00:00;0002-40301641;0002-97193566;1;3443;3443
31;20;13;65;24;2;2020-06-14 00:00:00;0002-40301641;0002-97193566;6;13985;83910
32;21;8;25;31;4;2023-12-25 00:00:00;0004-57116124;0004-37632042;10;18115;181150
33;22;31;66;29;1;2023-06-23 00:00:00;0001-24685734;0001-47750250;4;7073;28292
34;22;19;66;29;1;2023-06-23 00:00:00;0001-24685734;0001-47750250;4;8765;35060
35;24;56;75;14;1;2020-07-04 00:00:00;0001-13371939;0001-53733381;9;508896;4580064
36;25;82;47;8;5;2024-01-30 00:00:00;0005-18979045;0005-52317840;6;2713;16278
37;25;12;47;8;5;2024-01-30 00:00:00;0005-18979045;0005-52317840;8;13419;107352
38;26;79;21;33;3;2022-01-05 00:00:00;0003-29676887;0003-71504032;2;306764;613528
39;27;96;48;16;5;2024-01-20 00:00:00;0005-84710309;0005-97860779;6;187253;1123518
40;27;84;48;16;5;2024-01-20 00:00:00;0005-84710309;0005-97860779;2;2720;5440
41;27;19;48;16;5;2024-01-20 00:00:00;0005-84710309;0005-97860779;4;8765;35060
42;28;6;14;27;1;2020-01-31 00:00:00;0001-60842549;0001-68835485;5;18604;93020
43;29;97;60;8;5;2020-03-13 00:00:00;0005-48699692;0005-23790117;2;786203;1572406
44;29;86;60;8;5;2020-03-13 00:00:00;0005-48699692;0005-23790117;6;3372;20232
45;30;21;60;26;1;2023-05-11 00:00:00;0001-12351959;0001-25236151;5;9731;48655
46;31;51;22;15;1;2020-02-07 00:00:00;0001-67852353;0001-55103034;5;74514;372570
47;32;59;72;22;4;2022-06-10 00:00:00;0004-43482752;0004-92976580;4;150027;600108
48;32;70;72;22;4;2022-06-10 00:00:00;0004-43482752;0004-92976580;3;354115;1062345
49;32;60;72;22;4;2022-06-10 00:00:00;0004-43482752;0004-92976580;10;224537;2245370
50;32;54;72;22;4;2022-06-10 00:00:00;0004-43482752;0004-92976580;8;424166;3393328
51;34;95;95;21;4;2020-03-21 00:00:00;0004-65052474;0004-83203853;9;28347;255123
52;36;19;14;4;3;2022-02-02 00:00:00;0003-83288386;0003-92047730;7;8765;61355
53;37;11;39;8;5;2023-08-16 00:00:00;0005-86235288;0005-59583898;8;8719;69752
54;37;6;39;8;5;2023-08-16 00:00:00;0005-86235288;0005-59583898;8;18604;148832
55;37;37;39;8;5;2023-08-16 00:00:00;0005-86235288;0005-59583898;2;19991;39982
56;37;29;39;8;5;2023-08-16 00:00:00;0005-86235288;0005-59583898;9;6176;55584
57;38;86;47;29;1;2023-05-19 00:00:00;0001-75615109;0001-69103153;6;3372;20232
58;38;81;47;29;1;2023-05-19 00:00:00;0001-75615109;0001-69103153;5;3443;17215
59;39;56;85;4;3;2023-12-18 00:00:00;0003-76382722;0003-49857555;2;508896;1017792
60;39;7;85;4;3;2023-12-18 00:00:00;0003-76382722;0003-49857555;10;20800;208000
61;39;62;85;4;3;2023-12-18 00:00:00;0003-76382722;0003-49857555;5;349505;1747525
62;40;56;19;9;2;2021-05-30 00:00:00;0002-64108852;0002-52038505;1;508896;508896
63;41;42;99;14;1;2021-02-28 00:00:00;0001-53043036;0001-75816165;3;6341;19023
64;41;54;99;14;1;2021-02-28 00:00:00;0001-53043036;0001-75816165;10;424166;4241660
65;42;27;51;23;1;2020-05-09 00:00:00;0001-49144893;0001-64729982;2;3910;7820
66;44;93;73;14;1;2021-12-16 00:00:00;0001-75106667;0001-18474624;3;12697;38091
67;44;56;73;14;1;2021-12-16 00:00:00;0001-75106667;0001-18474624;9;508896;4580064
68;45;79;6;18;3;2022-06-11 00:00:00;0003-44455652;0003-11475473;10;306764;3067640
69;46;55;90;17;2;2022-01-30 00:00:00;0002-93485651;0002-27731391;5;137708;688540
70;46;21;90;17;2;2022-01-30 00:00:00;0002-93485651;0002-27731391;6;9731;58386
71;47;40;52;1;4;2020-05-01 00:00:00;0004-60282096;0004-70047956;3;14375;43125
72;47;89;52;1;4;2020-05-01 00:00:00;0004-60282096;0004-70047956;10;1717;17170
73;48;4;85;13;3;2022-04-15 00:00:00;0003-30208193;0003-94028909;3;28575;85725
74;50;75;7;32;2;2023-05-19 00:00:00;0002-58648782;0002-28941565;1;229767;229767
75;50;18;7;32;2;2023-05-19 00:00:00;0002-58648782;0002-28941565;7;376;2632
76;51;63;73;18;3;2020-03-29 00:00:00;0003-71086477;0003-81289287;7;334833;2343831
77;52;2;80;24;2;2020-04-09 00:00:00;0002-70583599;0002-59963053;7;24019;168133
78;52;77;80;24;2;2020-04-09 00:00:00;0002-70583599;0002-59963053;4;168248;672992
79;52;36;80;24;2;2020-04-09 00:00:00;0002-70583599;0002-59963053;9;23787;214083
80;52;20;80;24;2;2020-04-09 00:00:00;0002-70583599;0002-59963053;1;8203;8203
81;53;54;97;9;2;2022-05-30 00:00:00;0002-38266057;0002-61993110;1;424166;424166
82;54;32;75;13;3;2022-10-05 00:00:00;0003-36831449;0003-46397000;4;23079;92316
83;56;98;68;19;2;2020-12-26 00:00:00;0002-32286079;0002-41810467;6;894618;5367708
84;57;65;96;14;1;2022-04-06 00:00:00;0001-56460194;0001-60515148;4;307108;1228432
85;58;68;40;27;1;2021-03-14 00:00:00;0001-15092808;0001-65417555;2;282865;565730
86;59;85;47;12;5;2021-08-09 00:00:00;0005-80631739;0005-28451396;9;2073;18657
87;60;67;21;2;5;2020-08-27 00:00:00;0005-37984693;0005-18085902;3;195105;585315
88;62;10;67;33;3;2020-10-27 00:00:00;0003-93462387;0003-61661798;1;13300;13300
89;62;63;67;33;3;2020-10-27 00:00:00;0003-93462387;0003-61661798;2;334833;669666
90;62;63;67;33;3;2020-10-27 00:00:00;0003-93462387;0003-61661798;5;334833;1674165
91;63;55;87;5;1;2021-05-24 00:00:00;0001-39398389;0001-26151049;2;137708;275416
92;63;83;87;5;1;2021-05-24 00:00:00;0001-39398389;0001-26151049;9;2312;20808
93;63;56;87;5;1;2021-05-24 00:00:00;0001-39398389;0001-26151049;6;508896;3053376
94;64;69;21;11;5;2022-12-03 00:00:00;0005-89353590;0005-95898268;3;222774;668322
95;64;22;21;11;5;2022-12-03 00:00:00;0005-89353590;0005-95898268;5;8868;44340
96;65;39;56;23;1;2020-12-15 00:00:00;0001-82605789;0001-62613492;9;17706;159354
97;65;44;56;23;1;2020-12-15 00:00:00;0001-82605789;0001-62613492;7;205663;1439641
98;65;73;56;23;1;2020-12-15 00:00:00;0001-82605789;0001-62613492;3;284519;853557
99;67;17;48;5;1;2021-09-20 00:00:00;0001-65075606;0001-26703424;2;7780;15560
100;67;28;48;5;1;2021-09-20 00:00:00;0001-65075606;0001-26703424;8;796;6368
101;68;36;28;10;4;2020-06-22 00:00:00;0004-57375691;0004-53839837;5;23787;118935
102;69;79;51;14;1;2020-09-28 00:00:00;0001-58697264;0001-69208931;9;306764;2760876
103;70;90;76;18;3;2021-09-04 00:00:00;0003-75895861;0003-69223855;3;1973;5919
104;70;76;76;18;3;2021-09-04 00:00:00;0003-75895861;0003-69223855;7;177316;1241212
105;70;95;76;18;3;2021-09-04 00:00:00;0003-75895861;0003-69223855;9;28347;255123
106;70;69;76;18;3;2021-09-04 00:00:00;0003-75895861;0003-69223855;10;222774;2227740
107;71;87;16;25;4;2021-07-12 00:00:00;0004-21403446;0004-96761082;9;2161;19449
108;71;68;16;25;4;2021-07-12 00:00:00;0004-21403446;0004-96761082;2;282865;565730
109;72;93;49;3;3;2020-05-04 00:00:00;0003-35060318;0003-87116337;5;12697;63485
110;73;24;16;19;2;2024-01-30 00:00:00;0002-11762851;0002-51934232;1;2133;2133
111;73;32;16;19;2;2024-01-30 00:00:00;0002-11762851;0002-51934232;10;23079;230790
112;74;10;95;21;4;2021-10-18 00:00:00;0004-85320914;0004-60792773;8;13300;106400
113;74;16;95;21;4;2021-10-18 00:00:00;0004-85320914;0004-60792773;4;12187;48748
114;74;39;95;21;4;2021-10-18 00:00:00;0004-85320914;0004-60792773;5;17706;88530
115;74;52;95;21;4;2021-10-18 00:00:00;0004-85320914;0004-60792773;9;834608;7511472
116;75;77;22;7;2;2021-03-05 00:00:00;0002-52348306;0002-81357011;5;168248;841240
117;75;91;22;7;2;2021-03-05 00:00:00;0002-52348306;0002-81357011;2;32875;65750
118;76;82;39;5;1;2020-06-12 00:00:00;0001-60622499;0001-66809450;4;2713;10852
119;78;63;99;7;2;2020-03-13 00:00:00;0002-21339000;0002-90714482;4;334833;1339332
120;78;12;99;7;2;2020-03-13 00:00:00;0002-21339000;0002-90714482;2;13419;26838
121;80;34;96;30;4;2021-06-07 00:00:00;0004-96721642;0004-79079057;6;3102;18612
122;80;91;96;30;4;2021-06-07 00:00:00;0004-96721642;0004-79079057;9;32875;295875
123;81;47;86;31;4;2021-06-14 00:00:00;0004-35993723;0004-14899149;8;471752;3774016
124;81;93;86;31;4;2021-06-14 00:00:00;0004-35993723;0004-14899149;4;12697;50788
125;81;8;86;31;4;2021-06-14 00:00:00;0004-35993723;0004-14899149;1;18115;18115
126;83;15;81;16;5;2022-09-20 00:00:00;0005-86102738;0005-68741637;5;10524;52620
127;85;71;87;2;5;2023-05-27 00:00:00;0005-36607390;0005-96045427;10;340333;3403330
128;86;32;61;17;2;2023-03-03 00:00:00;0002-93234502;0002-89812560;4;23079;92316
129;87;10;16;21;4;2023-08-09 00:00:00;0004-52501072;0004-22675943;9;13300;119700
130;87;59;16;21;4;2023-08-09 00:00:00;0004-52501072;0004-22675943;4;150027;600108
131;88;26;68;12;5;2020-01-02 00:00:00;0005-79844611;0005-31184798;8;2795;22360
132;88;82;68;12;5;2020-01-02 00:00:00;0005-79844611;0005-31184798;1;2713;2713
133;89;13;78;3;3;2020-06-19 00:00:00;0003-27263596;0003-91108300;5;13985;69925
134;90;24;78;20;3;2022-05-06 00:00:00;0003-90338129;0003-76347266;9;2133;19197
135;91;52;38;9;2;2023-09-02 00:00:00;0002-51676051;0002-88407028;3;834608;2503824
136;91;20;38;9;2;2023-09-02 00:00:00;0002-51676051;0002-88407028;7;8203;57421
137;91;98;38;9;2;2023-09-02 00:00:00;0002-51676051;0002-88407028;1;894618;894618
138;92;22;20;4;3;2023-03-11 00:00:00;0003-96405579;0003-75106259;7;8868;62076
139;92;33;20;4;3;2023-03-11 00:00:00;0003-96405579;0003-75106259;6;11219;67314
140;94;81;6;11;5;2022-07-18 00:00:00;0005-46168889;0005-10526951;5;3443;17215
141;96;92;22;12;5;2022-09-18 00:00:00;0005-52688996;0005-94894229;4;34688;138752
142;96;60;22;12;5;2022-09-18 00:00:00;0005-52688996;0005-94894229;10;224537;2245370
143;97;95;8;20;3;2020-12-30 00:00:00;0003-75763962;0003-52701081;9;28347;255123
144;100;90;89;13;3;2020-04-13 00:00:00;0003-35879671;0003-78942905;7;1973;13811
145;101;89;86;25;4;2021-05-12 00:00:00;0004-39606777;0004-10022470;3;1717;5151
146;102;30;72;31;4;2020-05-31 00:00:00;0004-47015103;0004-57766843;9;17799;160191
147;102;78;72;31;4;2020-05-31 00:00:00;0004-47015103;0004-57766843;4;365245;1460980
148;102;63;72;31;4;2020-05-31 00:00:00;0004-47015103;0004-57766843;1;334833;334833
149;102;79;72;31;4;2020-05-31 00:00:00;0004-47015103;0004-57766843;5;306764;1533820
150;102;10;72;31;4;2020-05-31 00:00:00;0004-47015103;0004-57766843;9;13300;119700
151;103;100;62;14;1;2021-01-23 00:00:00;0001-69844074;0001-64197550;5;606935;3034675
152;105;45;80;23;1;2021-06-03 00:00:00;0001-25635208;0001-43429724;1;753150;753150
153;107;100;33;15;1;2021-12-14 00:00:00;0001-11133406;0001-55802764;7;606935;4248545
154;107;56;33;15;1;2021-12-14 00:00:00;0001-11133406;0001-55802764;3;508896;1526688
155;107;32;33;15;1;2021-12-14 00:00:00;0001-11133406;0001-55802764;7;23079;161553
156;108;10;84;2;5;2020-01-16 00:00:00;0005-29758883;0005-42369153;4;13300;53200
157;108;67;84;2;5;2020-01-16 00:00:00;0005-29758883;0005-42369153;6;195105;1170630
158;108;76;84;2;5;2020-01-16 00:00:00;0005-29758883;0005-42369153;7;177316;1241212
159;109;58;15;23;1;2023-05-25 00:00:00;0001-46028950;0001-71382865;7;154903;1084321
160;111;8;48;13;3;2021-06-17 00:00:00;0003-53589975;0003-73267554;1;18115;18115
161;111;57;48;13;3;2021-06-17 00:00:00;0003-53589975;0003-73267554;8;203796;1630368
162;111;83;48;13;3;2021-06-17 00:00:00;0003-53589975;0003-73267554;8;2312;18496
163;112;30;95;30;4;2020-02-27 00:00:00;0004-45504537;0004-36036288;1;17799;17799
164;112;77;95;30;4;2020-02-27 00:00:00;0004-45504537;0004-36036288;7;168248;1177736
165;112;9;95;30;4;2020-02-27 00:00:00;0004-45504537;0004-36036288;2;28070;56140
166;114;23;19;15;1;2021-10-11 00:00:00;0001-80388786;0001-56438647;3;629;1887
167;115;67;33;30;4;2020-07-22 00:00:00;0004-22902818;0004-90248138;9;195105;1755945
168;117;88;40;28;5;2022-12-29 00:00:00;0005-38868675;0005-25159495;7;3740;26180
169;117;19;40;28;5;2022-12-29 00:00:00;0005-38868675;0005-25159495;7;8765;61355
170;118;63;72;13;3;2020-01-02 00:00:00;0003-91349009;0003-23608749;7;334833;2343831
171;119;82;32;11;5;2023-04-14 00:00:00;0005-32608308;0005-73839458;8;2713;21704
172;120;30;34;22;4;2021-01-16 00:00:00;0004-84734105;0004-12052935;5;17799;88995
173;120;56;34;22;4;2021-01-16 00:00:00;0004-84734105;0004-12052935;9;508896;4580064
174;120;41;34;22;4;2021-01-16 00:00:00;0004-84734105;0004-12052935;5;3473;17365
175;120;34;34;22;4;2021-01-16 00:00:00;0004-84734105;0004-12052935;6;3102;18612
176;121;97;1;15;1;2023-08-26 00:00:00;0001-14733016;0001-65902524;9;786203;7075827
177;121;16;1;15;1;2023-08-26 00:00:00;0001-14733016;0001-65902524;2;12187;24374
178;123;69;32;14;1;2020-12-15 00:00:00;0001-53880644;0001-36341843;1;222774;222774
179;124;40;67;24;2;2020-09-10 00:00:00;0002-85190643;0002-54831795;6;14375;86250
180;124;83;67;24;2;2020-09-10 00:00:00;0002-85190643;0002-54831795;5;2312;11560
181;125;26;30;5;1;2021-11-08 00:00:00;0001-98954395;0001-52149861;3;2795;8385
182;126;91;24;18;3;2023-10-31 00:00:00;0003-65655096;0003-55065223;7;32875;230125
183;126;30;24;18;3;2023-10-31 00:00:00;0003-65655096;0003-55065223;6;17799;106794
184;128;96;78;2;5;2022-03-13 00:00:00;0005-65416578;0005-50393934;3;187253;561759
185;128;36;78;2;5;2022-03-13 00:00:00;0005-65416578;0005-50393934;3;23787;71361
186;128;93;78;2;5;2022-03-13 00:00:00;0005-65416578;0005-50393934;5;12697;63485
187;128;13;78;2;5;2022-03-13 00:00:00;0005-65416578;0005-50393934;1;13985;13985
188;129;14;65;23;1;2023-07-02 00:00:00;0001-69622493;0001-37025018;6;14364;86184
189;130;9;81;33;3;2020-08-31 00:00:00;0003-14959593;0003-87761799;6;28070;168420
190;130;66;81;33;3;2020-08-31 00:00:00;0003-14959593;0003-87761799;1;258841;258841
191;131;22;4;6;3;2022-07-22 00:00:00;0003-88797924;0003-11380408;7;8868;62076
192;132;11;51;19;2;2021-04-08 00:00:00;0002-76194011;0002-36308891;6;8719;52314
193;132;86;51;19;2;2021-04-08 00:00:00;0002-76194011;0002-36308891;5;3372;16860
194;132;84;51;19;2;2021-04-08 00:00:00;0002-76194011;0002-36308891;1;2720;2720
195;133;51;32;26;1;2020-06-13 00:00:00;0001-93907640;0001-47129842;8;74514;596112
196;133;37;32;26;1;2020-06-13 00:00:00;0001-93907640;0001-47129842;10;19991;199910
197;135;58;54;24;2;2023-12-03 00:00:00;0002-83854404;0002-83294991;9;154903;1394127
198;136;66;38;4;3;2023-11-25 00:00:00;0003-74217354;0003-84860282;6;258841;1553046
199;136;22;38;4;3;2023-11-25 00:00:00;0003-74217354;0003-84860282;4;8868;35472
200;137;31;62;20;3;2021-12-11 00:00:00;0003-15706824;0003-71216882;6;7073;42438
201;137;44;62;20;3;2021-12-11 00:00:00;0003-15706824;0003-71216882;4;205663;822652
202;139;63;100;33;3;2020-03-14 00:00:00;0003-68062953;0003-11470300;9;334833;3013497
203;141;49;65;22;4;2023-08-22 00:00:00;0004-13241772;0004-14368887;8;862429;6899432
204;141;28;65;22;4;2023-08-22 00:00:00;0004-13241772;0004-14368887;1;796;796
205;141;23;65;22;4;2023-08-22 00:00:00;0004-13241772;0004-14368887;7;629;4403
206;142;90;74;29;1;2020-12-12 00:00:00;0001-16019884;0001-37882326;4;1973;7892
207;143;30;64;11;5;2023-08-08 00:00:00;0005-95330702;0005-19028373;9;17799;160191
208;144;76;55;22;4;2021-10-24 00:00:00;0004-10046479;0004-41407358;9;177316;1595844
209;144;77;55;22;4;2021-10-24 00:00:00;0004-10046479;0004-41407358;10;168248;1682480
210;147;67;10;2;5;2023-04-18 00:00:00;0005-10055960;0005-33863205;9;195105;1755945
211;147;90;10;2;5;2023-04-18 00:00:00;0005-10055960;0005-33863205;7;1973;13811
212;147;68;10;2;5;2023-04-18 00:00:00;0005-10055960;0005-33863205;8;282865;2262920
213;149;98;27;8;5;2021-06-21 00:00:00;0005-29849846;0005-23398278;8;894618;7156944
214;149;97;27;8;5;2021-06-21 00:00:00;0005-29849846;0005-23398278;6;786203;4717218
215;150;50;81;32;2;2021-06-10 00:00:00;0002-24118199;0002-41773794;2;322680;645360
216;150;41;81;32;2;2021-06-10 00:00:00;0002-24118199;0002-41773794;9;3473;31257
217;150;44;81;32;2;2021-06-10 00:00:00;0002-24118199;0002-41773794;10;205663;2056630
218;152;20;3;28;5;2022-03-19 00:00:00;0005-65958933;0005-25187319;6;8203;49218
219;154;81;89;25;4;2021-02-12 00:00:00;0004-10580526;0004-23400727;10;3443;34430
220;154;66;89;25;4;2021-02-12 00:00:00;0004-10580526;0004-23400727;9;258841;2329569
221;154;56;89;25;4;2021-02-12 00:00:00;0004-10580526;0004-23400727;3;508896;1526688
222;155;68;13;31;4;2023-05-17 00:00:00;0004-66307053;0004-65376723;2;282865;565730
223;155;36;13;31;4;2023-05-17 00:00:00;0004-66307053;0004-65376723;7;23787;166509
224;156;100;59;18;3;2022-03-10 00:00:00;0003-84767204;0003-11662872;1;606935;606935
225;157;85;95;5;1;2021-05-26 00:00:00;0001-10409698;0001-33750724;2;2073;4146
226;158;93;47;24;2;2020-02-16 00:00:00;0002-40210557;0002-31428492;10;12697;126970
227;158;44;47;24;2;2020-02-16 00:00:00;0002-40210557;0002-31428492;4;205663;822652
228;158;57;47;24;2;2020-02-16 00:00:00;0002-40210557;0002-31428492;7;203796;1426572
229;160;75;6;12;5;2021-04-04 00:00:00;0005-34597706;0005-62690409;3;229767;689301
230;160;52;6;12;5;2021-04-04 00:00:00;0005-34597706;0005-62690409;10;834608;8346080
231;160;55;6;12;5;2021-04-04 00:00:00;0005-34597706;0005-62690409;4;137708;550832
232;160;88;6;12;5;2021-04-04 00:00:00;0005-34597706;0005-62690409;6;3740;22440
233;161;38;23;14;1;2022-08-29 00:00:00;0001-85704848;0001-27778435;2;5975;11950
234;162;5;25;9;2;2021-11-02 00:00:00;0002-19255646;0002-45813602;1;16860;16860
235;163;27;67;10;4;2021-05-06 00:00:00;0004-90477475;0004-63061528;8;3910;31280
236;163;43;67;10;4;2021-05-06 00:00:00;0004-90477475;0004-63061528;1;20339;20339
237;164;48;20;13;3;2023-11-18 00:00:00;0003-46308504;0003-28681602;3;357015;1071045
238;165;61;52;32;2;2022-04-18 00:00:00;0002-78919673;0002-46644116;10;183933;1839330
239;165;68;52;32;2;2022-04-18 00:00:00;0002-78919673;0002-46644116;5;282865;1414325
240;165;64;52;32;2;2022-04-18 00:00:00;0002-78919673;0002-46644116;7;379102;2653714
241;166;17;9;6;3;2021-08-04 00:00:00;0003-11751047;0003-25663606;10;7780;77800
242;167;72;34;5;1;2022-01-16 00:00:00;0001-48355991;0001-69386351;3;208893;626679
243;169;84;39;13;3;2021-01-22 00:00:00;0003-74890582;0003-97038566;8;2720;21760
244;169;47;39;13;3;2021-01-22 00:00:00;0003-74890582;0003-97038566;4;471752;1887008
245;169;70;39;13;3;2021-01-22 00:00:00;0003-74890582;0003-97038566;5;354115;1770575
246;169;70;39;13;3;2021-01-22 00:00:00;0003-74890582;0003-97038566;5;354115;1770575
247;170;61;89;13;3;2021-11-23 00:00:00;0003-89414034;0003-72452380;3;183933;551799
248;171;17;43;1;4;2023-03-20 00:00:00;0004-92679274;0004-30258681;1;7780;7780
249;171;27;43;1;4;2023-03-20 00:00:00;0004-92679274;0004-30258681;4;3910;15640
250;172;47;76;4;3;2023-03-03 00:00:00;0003-71718029;0003-98512489;6;471752;2830512
251;172;99;76;4;3;2023-03-03 00:00:00;0003-71718029;0003-98512489;5;864162;4320810
252;172;42;76;4;3;2023-03-03 00:00:00;0003-71718029;0003-98512489;1;6341;6341
253;172;34;76;4;3;2023-03-03 00:00:00;0003-71718029;0003-98512489;2;3102;6204
254;173;97;73;9;2;2023-10-23 00:00:00;0002-41762150;0002-24320542;7;786203;5503421
255;174;34;68;8;5;2021-01-23 00:00:00;0005-27848209;0005-46712052;6;3102;18612
256;174;20;68;8;5;2021-01-23 00:00:00;0005-27848209;0005-46712052;6;8203;49218
257;174;89;68;8;5;2021-01-23 00:00:00;0005-27848209;0005-46712052;5;1717;8585
258;175;17;76;31;4;2020-09-01 00:00:00;0004-86256295;0004-83048944;3;7780;23340
259;175;59;76;31;4;2020-09-01 00:00:00;0004-86256295;0004-83048944;7;150027;1050189
260;176;63;14;1;4;2020-09-17 00:00:00;0004-85599506;0004-68467229;2;334833;669666
261;177;43;30;3;3;2020-02-01 00:00:00;0003-98017948;0003-43767288;7;20339;142373
262;177;93;30;3;3;2020-02-01 00:00:00;0003-98017948;0003-43767288;9;12697;114273
263;177;27;30;3;3;2020-02-01 00:00:00;0003-98017948;0003-43767288;7;3910;27370
264;178;96;26;26;1;2024-01-04 00:00:00;0001-48091228;0001-10086652;2;187253;374506
265;180;92;54;8;5;2020-05-07 00:00:00;0005-39892835;0005-14916809;4;34688;138752
266;180;1;54;8;5;2020-05-07 00:00:00;0005-39892835;0005-14916809;10;4816;48160
267;180;50;54;8;5;2020-05-07 00:00:00;0005-39892835;0005-14916809;7;322680;2258760
268;185;38;39;6;3;2022-08-31 00:00:00;0003-52910949;0003-53016475;9;5975;53775
269;186;71;43;22;4;2021-03-20 00:00:00;0004-81043005;0004-35684288;4;340333;1361332
270;186;78;43;22;4;2021-03-20 00:00:00;0004-81043005;0004-35684288;9;365245;3287205
271;186;65;43;22;4;2021-03-20 00:00:00;0004-81043005;0004-35684288;3;307108;921324
272;187;72;59;18;3;2023-09-13 00:00:00;0003-33886240;0003-22862529;9;208893;1880037
273;188;56;22;10;4;2020-02-10 00:00:00;0004-36697418;0004-60555464;5;508896;2544480
274;188;11;22;10;4;2020-02-10 00:00:00;0004-36697418;0004-60555464;4;8719;34876
275;188;12;22;10;4;2020-02-10 00:00:00;0004-36697418;0004-60555464;10;13419;134190
276;188;87;22;10;4;2020-02-10 00:00:00;0004-36697418;0004-60555464;10;2161;21610
277;189;88;90;8;5;2024-01-14 00:00:00;0005-79208624;0005-83972643;1;3740;3740
278;190;31;43;2;5;2022-02-19 00:00:00;0005-27023742;0005-76067534;4;7073;28292
279;193;34;69;13;3;2021-05-27 00:00:00;0003-57121247;0003-92741059;3;3102;9306
280;194;26;78;26;1;2022-03-29 00:00:00;0001-77083219;0001-71388638;6;2795;16770
281;195;65;83;12;5;2022-05-28 00:00:00;0005-94811344;0005-76052422;5;307108;1535540
282;195;19;83;12;5;2022-05-28 00:00:00;0005-94811344;0005-76052422;8;8765;70120
283;196;76;71;3;3;2022-11-14 00:00:00;0003-60676737;0003-25307960;7;177316;1241212
284;197;74;78;4;3;2020-11-13 00:00:00;0003-45256617;0003-48589108;8;166115;1328920
285;198;36;24;5;1;2023-11-12 00:00:00;0001-76971307;0001-42831848;7;23787;166509
286;199;86;54;18;3;2020-12-04 00:00:00;0003-34627041;0003-81403458;6;3372;20232
287;201;41;76;14;1;2022-08-10 00:00:00;0001-84120625;0001-42024419;2;3473;6946
288;201;47;76;14;1;2022-08-10 00:00:00;0001-84120625;0001-42024419;4;471752;1887008
289;201;46;76;14;1;2022-08-10 00:00:00;0001-84120625;0001-42024419;2;635598;1271196
290;203;9;52;4;3;2021-08-19 00:00:00;0003-40130096;0003-64096709;3;28070;84210
291;203;18;52;4;3;2021-08-19 00:00:00;0003-40130096;0003-64096709;7;376;2632
292;203;46;52;4;3;2021-08-19 00:00:00;0003-40130096;0003-64096709;8;635598;5084784
293;204;30;23;22;4;2020-01-30 00:00:00;0004-47966783;0004-92952335;7;17799;124593
294;205;28;60;17;2;2020-09-24 00:00:00;0002-88428804;0002-81496051;8;796;6368
295;205;83;60;17;2;2020-09-24 00:00:00;0002-88428804;0002-81496051;2;2312;4624
296;205;2;60;17;2;2020-09-24 00:00:00;0002-88428804;0002-81496051;1;24019;24019
297;206;25;96;11;5;2022-03-17 00:00:00;0005-14152087;0005-91826275;2;5598;11196
298;209;84;1;11;5;2021-05-27 00:00:00;0005-92017398;0005-35499995;5;2720;13600
299;209;2;1;11;5;2021-05-27 00:00:00;0005-92017398;0005-35499995;8;24019;192152
300;210;8;35;9;2;2022-05-20 00:00:00;0002-47015065;0002-20654753;9;18115;163035
